Name,Address,Latitude,Longitude,Note,Total_review,Reviews
Centre Commercial Italie Deux,"30 Av. d'Italie, 75013 Paris",48.8678054,2.2826517,"4,0",16906,"[('Sofia Gomes', 'il y a 5\xa0jours', '3\xa0√©toiles', 'Le centre commercial Italie deux est un bon centre commercial accueillant rempli de bon choix de boutique mais le seule inconv√©nient est qu‚Äôils savent pas tenir les magasins √† long terme ! Ce que je veux dire c‚Äôest ce que en ce moment il a beaucoup de magasins qui font leurs ouverture dans ce centre commercial mais pour un petit terme.'), ('Jacobo GARCIA', 'il y a un mois', '2\xa0√©toiles', 'La temp√©rature dans ce centre c‚Äôest juste intenable. Il faisait 13‚Ä¢c dehors mais √† l‚Äôint√©rieur on √©tait plus proche du 25. M√™me les employ√©s des boutiques √©taient en tee-shirts et avaient chaud. On a √©t√© oblig√© de partir au bout d‚Äôune ‚Ä¶'), ('Pierre Renaud', 'il y a un mois', '5\xa0√©toiles', ""Le centre commercial Porte d'Italie est plut√¥t sympa et pratique ! On y trouve un bon mix de boutiques en tout genre et de services pour r√©pondre √† tous les besoins du quotidien. L‚Äôendroit est bien entretenu et est √† proximit√© des transports en commun.""), ('Douceur de vivre', 'il y a 4\xa0jours', '4\xa0√©toiles', ""Beaucoup de magasins regroup√©s et une charmante h√¥tesse d'accueil dans la galerie.\nPropre. ‚Ä¶""), ('Nathalie aug', 'il y a un mois', '2\xa0√©toiles', 'Ayant grandi dans le quartier, je connais bien ce centre commercial, mais il est vraiment d√©cevant. Malheureusement, il manque cruellement de modernit√© et de vari√©t√© dans les magasins. En dehors de quelques enseignes comme Carrefour, Zara, ‚Ä¶'), ('Hayat Ali', 'il y a 11\xa0mois', '3\xa0√©toiles', ""Dommage que ce centre commercial ne ressemble pas √† ceux d'Italie, pourtant il porte le nom de ce pays. On aurait bien aim√© qu'il soit plus desservi par des bancs dans chaque √©tage et qu'ils soient plus nombreux, vu le nombre de personnes ‚Ä¶""), ('KIM DAN NGUYEN', 'il y a 2\xa0semaines', '5\xa0√©toiles', 'Acc√®s super facile place de parking pas excessif et on trouve IKEA Printemps et autres enseignes qui satisferont toute la famille. Et le plus important c‚Äôest que ce n‚Äôest pas la zone comme √† Chatelet Les Halles'), ('Marl√®ne FELIX', 'il y a 2\xa0mois', '1\xa0√©toile', 'Si vous avez des photos d‚Äôidentit√© √† faire, m√©fiez vous des Photomaton de ce centre commercial. L‚Äôune des cabines n‚Äôa pas d‚Äô√©clairage et l‚Äôautre fonctionne tr√®s mal. Personnellement, j‚Äôai perdu 10‚Ç¨. Malgr√© ma r√©clamation, impossible de me ‚Ä¶'), ('M F', 'il y a un mois', '3\xa0√©toiles', ""Le plan du centre commercial est compliqu√© quand on s'y rend pour la premi√®re fois : des escaliers, des couloirs biscornus... Pour le reste : les magasins classiques d'un centre commercial, dont un grand Ikea tr√®s pratique dans Paris.""), ('Eduardo Zamora', 'il y a 3\xa0mois', '5\xa0√©toiles', ""Tr√®s agr√©able de s'y retrouver, surtout depuis les r√©cents travaux, qui ont mis √† neuf cet endroit.\nLe centre commercial propose de nombreux magasins, restaurants et commerces, de quoi faire des emplettes, remplir votre frigo, ou faire le leche-vitrine toute la journ√©e."")]"
Centre Commercial Beaugrenelle,"12 Rue Linois, 75015 Paris",48.8678054,2.2826517,"4,2",6465,"[('Aminem', 'il y a 3\xa0mois', '5\xa0√©toiles', 'Pour une premi√®re exp√©rience j‚Äôai trouv√© √ßa int√©ressant et super. Des chaises √† disposition dans tout les √©tages avec des prises de charges pour connecter ses appareils √©lectroniques. Des ascenseurs fonctionnels. Tout le centre commercial ‚Ä¶'), ('Cl√©ment', 'il y a une semaine', '5\xa0√©toiles', ""J'adore ce ce centre commercial ! J'y vais depuis tr√®s longtemps et je n'ai jamais eu de soucis. Les boutiques sont tr√®s bien choisies et tr√®s agr√©ables !!\nJe me demande m√™me si ce n'est mon centre commercial pr√©f√©r√© de Paris üóº\nJe recommande donc avec grand plaisir ‚Ä¶""), ('Benedicte Dupuys', 'il y a un mois', '4\xa0√©toiles', 'Joli centre commercial que celui de Beaugrenelle, de jolies boutiques, tr√®s agr√©able de d√©ambuler dans les √©tages de beau grand magasin‚Ä¶.differentes marques : v√™tements, chaussures, bijoux, sport etc‚Ä¶.pour faire l‚Äôensemble des boutiques il faut compter au moins 2 heures !'), ('Maged SIDHOM', 'il y a 4\xa0mois', '4\xa0√©toiles', 'Pas mal de boutiques interessantes (galeries lafayette par exemple). Le quartier  est tres anim√© avec plusieurs choses √† voir et beaucoup de restaurants se trouvent √† quelques m√®tres. La tour Eiffel et la seine ainsi que la r√©plique de la statue de la libert√© sont a c√¥t√©. Le parking reste un peu cher a moins de faire quelques achats.'), ('Maimiti Cazalis', 'il y a 2\xa0mois', '5\xa0√©toiles', 'Un grand merci au PC s√©curit√© qui a √©t√© tr√®s aidant pour retrouver le doudou de mon fils, perdu une semaine plus t√¥t ! Mobilis√©s et super gentils.'), ('Mounir Yamout', 'il y a 9\xa0mois', '4\xa0√©toiles', 'Super centre avec pas mal de boutiques pour tous les go√ªts et les couleurs et avec pas mal d‚Äôoriginalit√©. Le cin√©ma est cool (mais trop cher comme tous les path√©s en ce moment). Il y‚Äôa des endroit pour s‚Äôassoir, se reposer, charger son ‚Ä¶'), ('Family 4L', 'il y a 8\xa0mois', '5\xa0√©toiles', 'Petite visite par Beaugrenelle, on d√©cide de prendre un petit casse-cro√ªte dans ce jolie petit salon de th√© appeler LA DUR√âE,d√®s notre arriv√©e on a √©t√© tr√®s bien accueilli. ‚Ä¶'), ('Laugal Laugal', 'il y a 6\xa0mois', '4\xa0√©toiles', ""Situ√© en front de Seine, l'actuel Centre Commercial de 45000 m2 remplace  avantageusement depuis 2013 un pr√©c√©dent centre commercial qui fut un √©chec architectura et √©conomique. ‚Ä¶""), ('Reina', 'il y a 11\xa0mois', '4\xa0√©toiles', 'Centre commercial de taille moyenne (compar√© √† La D√©fense ou Parly), situ√© dans le 15e. Les lieux sont propres et les boutiques dispos√©es sur plusieurs √©tages. ‚Ä¶'), ('Audrey Dia Khairallah', 'il y a 2\xa0mois', '1\xa0√©toile', 'Franchement, je ne vais pas souvent au cin√©ma et √ßa m‚Äôa rappel√© pourquoi ‚Ä¶ les si√®ges sont tous sales et tach√©s (alors que la salle √©tait en ¬´\xa0pr√©paration\xa0¬ª avant l‚Äôentr√©e des spectateurs‚Ä¶ que pr√©parent-ils? La disposition des miettes de ‚Ä¶')]"
Carrousel du Louvre,"99 Rue de Rivoli, 75001 Paris",48.8678054,2.2826517,"4,4",11764,"[('Hilary H', 'il y a 2\xa0mois', '4\xa0√©toiles', ""Joli lieu que j'aime re-d√©couvrir. Surtout qu'il y a pas mal de restaurants maintenant. Toujours propre comme lieu et il y a des toilettes. Et un bon point pour prendre des photo avec l'autre c√¥t√© de la pointe de la fameuse pyramide en verre.""), ('Nathalie PAQUET VEROT', 'il y a un mois', '1\xa0√©toile', 'House of dreamers ou un cauchemar d‚Äôexpo\n\nAu sein du carrousel du Louvre, (centre commercial banal , √ß‚Äôest un indice !), ‚Ä¶'), ('Sabinou', 'il y a 2\xa0mois', '5\xa0√©toiles', ""D√©couverte de ce lieu ! Je ne connaissais pas ces galeries marchandes et ces salles d'exposition. Quartier tr√®s anim√©""), ('DJ Freddy Latino', 'il y a 3\xa0mois', '5\xa0√©toiles', ""L' exposition house of dreamers spectaculaire et f√©erique. Un voyage immersif dans le monde du r√™ve\nMais c'est l' exposition malheureusement qui ferme de plus en plus . Nous avons ‚Ä¶""), ('Luvly_simi', 'il y a un mois', '5\xa0√©toiles', 'House of dreamers is worth it, it is such an experience, get ready to swoon and dream.\nIt brings out your inner child, anybody can dream, everybody should dream\U0001fa77 ‚Ä¶'), ('Roseline D', 'il y a un mois', '4\xa0√©toiles', 'Le plus beau et int√©ressant centre commercial que j‚Äôai visit√© en France ! J‚Äôadore le vieux mur et les petites phrases en sortant du m√©tro üôÇ ‚Ä¶'), ('Jessica Andrighetto', 'il y a 5\xa0mois', '5\xa0√©toiles', 'Exp√©rience house of dreams, belles d√©coration, totale immersion, beaucoup de postes pour photos , la mise en sc√®ne, tr√®s satisfaite de cette d√©couverte! Amusez-vous bien. Ne pensez √† rien, et r√™vez !'), ('Marcellia Debenoit', 'il y a 5\xa0mois', '5\xa0√©toiles', ""Une vraie petite p√©pite situ√©e sous le Louvre! Une tr√®s jolie galerie commerciale √† l'architecture unique, avec une vari√©t√© de magasins de grandes marques. Propre, joli, et agr√©able! Vous pourrez y trouver de beaux souvenirs apr√®s votre ‚Ä¶""), ('Anne-Christine Alves', 'il y a 4\xa0semaines', '5\xa0√©toiles', ""Nous sommes all√©s a housse of Dreams entre girls et c'√©tait vraiment top pour grands et petits un vrai moment de r√™verie, de d√©tente, de bonheur quoi.""), ('Ma√Ætre', 'il y a 2\xa0mois', '5\xa0√©toiles', ""House of Dreamer : l'exp√©rience au sein du carrousel du Louvre est tr√®s sympa bien qu'il y ait beaucoup trop de queue pour rentrer .."")]"
Centre Commercial La Grande Porte Montreuil,"CC La Grande Porte, 235 Rue Etienne Marcel, 93100 Montreuil",48.8678054,2.2826517,"3,4",4185,"[('Joe jones', 'il y a 6\xa0jours', '2\xa0√©toiles', 'Si un jour on m‚Äôavait dit que mon centre commercial finirait ainsi je ne l‚Äôaurais pas cru, lui qui qui √©tait si vivant, rempli de commerces,toujours des animations et aujourd‚Äôhui m√™me pas on a daign√© le d√©corer. √áa me rend vraiment triste de voir comment il est devenu.'), ('Felix LES', 'il y a 7\xa0mois', '5\xa0√©toiles', 'Le centre commercial s‚Äôam√©liore de jour en jour depuis ce d√©but d‚Äôann√©e 2024.\nLe parking est tr√®s grand et tr√®s bien s√©curis√©.\nL‚Äôhypermarch√© est tr√®s bien am√©nag√© et les petits commerces du centre sont tr√®s utiles‚Ä¶'), ('konrad baniel', 'il y a 3\xa0semaines', '3\xa0√©toiles', 'Centre commercial en perte de vitesse avec de nombreux magasins ferm√©s dans la gallerie marchande. Seul subsiste le Carrefour, pour une fois √† taille raisonnable. On a connu le centre en meilleure forme.'), ('Golden Flower', 'il y a un an', '3\xa0√©toiles', 'Un centre commercial aux portes de Paris, en bordure du p√©riph√©rique est, accessible √† pied depuis les stations de m√©tro ligne 9 ""Porte de Montreuil"" et ""Robespierre"", situ√© au pied d\'un immeuble abritant aussi un h√¥tel et des bureaux ‚Ä¶'), ('YAS. OUI', 'il y a un mois', '4\xa0√©toiles', ""Toujours plein de de pr√©textes √† susciter notre curiosit√© et d'examiner nos potentiels d'achats. Mais c'est le d√©fi du climat qui nous permet de pouvoir nous attarder, et peut-√™tre acheter, mais s√ªrement pouvoir revenir vers ce qui nous a s√©duit au prime abord...""), ('Josy Dcmn', 'il y a 4\xa0mois', '2\xa0√©toiles', ""De centre commercial, il n'en a plus que le nom ! Seul Carrefour lui insuffle un peu de vie ! Il y a quelques mois j'avais cru comprendre que √ßa allait changer.... c'est pire ! Le positif c'est qu'il n'y a pas de quoi √™tre tent√© √† faire des d√©penses suppl√©mentaires !""), ('V√©ronique M', 'il y a 2\xa0mois', '1\xa0√©toile', '95% des boutiques sont ferm√©es!\nC est lamentable d avoir si mal g√©r√© ce centre et du coup avoir mis des tas d employ√©s au ch√¥mage. ‚Ä¶'), ('LAURENT L√¥', 'il y a 6\xa0ans', '2\xa0√©toiles', 'M√™me s il s appel grande porte le centre commercial est assez r√©duit - de 60\nBoutiques √† l ouverture il n en reste qu une petite moiti√© - les espaces sont propres et il y 2 fauteuils de massage au dernier niveau - trop d enseignes ont ‚Ä¶'), ('Olivier Pujol', 'il y a 2\xa0mois', '1\xa0√©toile', ""A part l'hypermarch√© Carrefour et 2, 3 boutiques, c'est absolument d√©sertique. Ce centre commercial fait concurrence avec celui de la Porte de Bercy.""), ('Esteban', 'il y a 4\xa0mois', '3\xa0√©toiles', ""Centre commercial qui tente de survivre l'ambiance est malsaine et glauque c'est dommage car il y a la place pour accueillir plein de boutiques j'esp√®re que √ßa va s'am√©liorer"")]"
Galerie des Arcades,"76 Av. des Champs-√âlys√©es, 75008 Paris",48.8678054,2.2826517,"4,2",1951,"[('Golden Flower', 'il y a un an', '3\xa0√©toiles', ""Superbe fa√ßade c√¥t√© avenue des Champs-√âlys√©es, et belles d√©corations √† l'int√©rieur, en esp√©rant qu'elles seront pr√©serv√©es lors de r√©novations ult√©rieures. L'offre de boutiques, elle, a chang√© avec l'installation de commerces de grandes ‚Ä¶""), ('Ouik Jc j', 'il y a une semaine', '5\xa0√©toiles', 'Rien √† dire excellent de bout en bout engagement respect√© merci pour votre s√©rieux'), ('Alain Yves KOUASSI ATCHIN', 'il y a 8\xa0mois', '4\xa0√©toiles', 'Y‚Äôa quelque √† y d√©nicher parmi la quarantaine de magasins qui composent la galerie'), ('Patrick Guyton', 'il y a 2\xa0mois', '3\xa0√©toiles', ""La galerie n'a pas beaucoup chang√© au fil des ann√©es, elle reste authentique, seul les vrais magasins ont disparus pour des magasins pour touristes. La galerie est aussi un passage.""), ('Marie Creach', 'il y a un mois', '5\xa0√©toiles', ""C'est magnifique une vraie ≈ìuvre d'art qui juste parfait üëçüëçüëçüëçüëç. ‚Ä¶""), ('Murat karaca', 'il y a un an', '5\xa0√©toiles', 'Dans le 8√®me arrondissement, √† hauteur du 78 avenue des Champs Elys√©es, se trouve cette galerie nomm√©e les ""Arcades"" qui compte environ 40 boutiques. Elle a √©t√© inaugur√©e en 1926 et con√ßue avec des colonnes en marbre provenant de l\'ancien ‚Ä¶'), ('BOUJEMAA KARKOUCH', 'il y a 3\xa0ans', '4\xa0√©toiles', ""GALERIE DES ARCADES 78 AVENUE DES CHAMPS √âLYS√âES PARIS C'EST 40 BOUTIQUES SANS OUBLIER STARBUCKS COFFEE BIENVENUE √Ä PARIS WELCOME TO PARIS SEE YOU SOON üëçü§ù ‚Ä¶""), ('Bruno Bruno', 'il y a une semaine', '4\xa0√©toiles', 'galerie parisienne tres sympa a visite'), ('Alain Guillard', 'il y a 2\xa0ans', '4\xa0√©toiles', ""Quelques beaux et bons produits... (chaussures)..mais surtout beaucoup de produits gadgets sans importance juste pour faire ou se faire plaisir..\nMais il y a surtout l'incontournable Starbucks...""), ('Carine P', 'il y a un an', '3\xa0√©toiles', ""J'aime bien parce que c'est beau au niveau architectural et c'est tr√®s authentique. Mais c'est sombre. √áa ne donne pas envie de se poser dans le caf√© qui s'y situe. ‚Ä¶"")]"
Centre Commercial Grand Angle,"15 Rue des Lumi√®res, 93100 Montreuil",48.8678054,2.2826517,"3,9",2126,"[('Hassib F', 'il y a un an', '4\xa0√©toiles', 'Centre commercial juste √† la sortie de la station de M√©tro mairie de Montreuil avec une grande partie des boutiques sur une rue passante en plein air. C‚Äôest un centre commercial agr√©able avec une offre de boutiques vari√©es et un supermarch√© Carrefour Market.'), ('henri beguin', 'il y a 3\xa0mois', '5\xa0√©toiles', 'Petit centre commercial de quartier en plein de coeur de ville. Le choix √† √©t√© fait de miser sur son ouverture sur la ville plut√¥t que sur le nombre de commerce.\nPropre et joli'), ('C√©dric de Mondenard', 'il y a 2\xa0mois', '3\xa0√©toiles', 'Un emplacement incroyable pour un r√©sultat m√©diocre. Des franchises bas de gamme et une gestion curieuse. Bref, beaucoup de regrets.'), ('Christophe Braque', 'il y a 2\xa0mois', '3\xa0√©toiles', ""Petit centre commercial de c≈ìur de ville agr√©able dans l'ensemble mais manque des magasins cl√© pour booster le centre""), ('Christine Vitel (‚ÄúKiki V‚Äù)', 'il y a 2\xa0mois', '4\xa0√©toiles', 'Quelques enseignes pour faire des achats √† des prix raisonnables.\nEspace pi√©ton agr√©able.'), ('Beatrice Biet', 'il y a un mois', '2\xa0√©toiles', 'Trop grand, fatiguant ! Il faut avoir la p√™che.'), ('Lucinda (L√©l√©)', 'il y a 6\xa0mois', '4\xa0√©toiles', ""L'ambiance est cool et l'entretien est pas mal !\nLa nourriture est bonne ( la base ) mais les jeux sont petits""), ('Miryam BARRY', 'il y a 11\xa0mois', '5\xa0√©toiles', ""C'est propre, c'est beau, c'est vraiment diff√©rent du premier construit au sous sol les ann√©es 1990. Le centre commercial en plein air change tout et valorise le quartier. Toutes les commodit√©s sont √† port√©e de la main et cela fait vraiment plaisir. Un gain de temps  aussi pour faire toutes nos courses dans le m√™me p√©rim√®tre.""), ('Phil Lens', 'il y a 5\xa0mois', '4\xa0√©toiles', 'Chouette quartier rue pi√©tonne commerces diversifi√©s theatre. Ambiance conviviale.'), ('Julienne Caroline NGO TEK', 'il y a un an', '5\xa0√©toiles', ""Ce Centre commercial n'est pas tr√®s grand mais a tout de m√™me,tout ce qu'il faut : supermarch√©, boutiques de v√™tements, bijoux,parfumerie, un man√®ge pour enfants,resto...et bien d'autres. ‚Ä¶"")]"
Centre Commercial Bienvenu,"8 Rte de Saint-Leu, 93430 Villetaneuse",48.8678054,2.2826517,"3,7",3011,"[('Losange', 'il y a 5\xa0mois', '3\xa0√©toiles', 'Une galerie commerciale qui vivote avec Lidl qui a remplac√© Auchan sur une surface moindre.\nIl reste un coiffeur ou 2, une fleuriste, une boucherie, une boulangerie, une ‚Ä¶'), ('Suzette Monteiro', 'il y a 3\xa0mois', '1\xa0√©toile', 'Boucherie, des voleurs incroyable, t donne un prix & quand tu arrive a la caisse il modifie le prix , ! Tu demande une viande il t‚Äôen donne une autre au prix le plus ch√®res . Fini cette boucherie'), ('Mouss Sahra', 'il y a 3\xa0ans', '4\xa0√©toiles', ""Bonsoir.\nCentre commercial bienvenue, dans l'ensemble est rest√© le m√™me √† une exception le hard discounter LIDL est venu le remplac√©, un souffle d'oxyg√®ne √† ce Centre ‚Ä¶""), ('Camel de Paris', 'il y a 2\xa0mois', '4\xa0√©toiles', 'Centre sympa,beaucoup d enseignes(Zara,Foot locker...)si possible dans la semaine,le week-end c est blind√©!!'), ('Augusta Matou', 'il y a un mois', '4\xa0√©toiles', ""√áa fait tr√®s longtemps que j avais pas √©t√© ce centre commercial √† chang√© maintenant  Il y'a Lidl j ai appr√©ci√©""), ('Nizar Bali (way and advice)', 'il y a 6\xa0mois', '3\xa0√©toiles', ""C'est un petit centre sympa, on trouve Lidl, une boulangerie p√¢tisserie, une boucherie, pharmacie , S√©rurier, distributeur, un tailleur, quelques petits restos et des petites boutiques.il y a  qu'un seul c√¥t√© du centre qui est anim√© et ‚Ä¶""), ('Jamil Zor', 'il y a 5\xa0mois', '5\xa0√©toiles', ""Plut√¥t sympas je suis all√© √† lidl mais il y a d'autre magasins autour une boucherie un r√©parateur de tel ca √† l'air sympa ... en tout cas le lidl tr√®s spacieux""), ('Nadia Dhunnoo', 'il y a 2\xa0mois', '1\xa0√©toile', 'Bonjour  nous sommes  vraiment d√©sol√©s  les toilettes  du centre commercial  √ßa fait une ann√©e que c ferme  nous demandons des aide pour que √ßa ouverture  c pas normal'), ('Kosso Felicite', 'il y a 6\xa0mois', '3\xa0√©toiles', ""Ce centre commercial est bien bien triste.  J'y vais pour le magasin Lidl qui se trouve dans la partie arri√®re l√† o√π plusieurs locaux sont ferm√©s par un rideaux de fer. Bien que les enseignes Ak√©as et Zeeman y soient pr√©sents,  on n'y se rend pas pour fl√¢ner mais pour une course pr√©cise et ressortir. Dommage.""), ('Jean-Yves Babon', 'il y a 10\xa0mois', '1\xa0√©toile', 'De plus en plus de boutiques ferm√©es, le soir le parking est tr√®s mal √©clair√© car de nombreux r√©verb√®res ne fonctionnent pas. Les toilettes sont √©galement ferm√©es depuis des mois et les gens se soulagent sur les parkings ! Un centre commercial qui donne de moins en moins envie !')]"
Montparnasse Rive Gauche,"10 Rue du D√©part, 75015 Paris",48.8678054,2.2826517,"3,7",5087,"[('JiefSourd (JiefSourd)', 'il y a une semaine', '1\xa0√©toile', 'Centre commercial √† l‚Äôabandon. TOUS les boutiques √† l‚Äô√©tage (dont la galerie Lafayette ) sont d√©finitivement ferm√©s‚Ä¶\nNe reste que 3-4 boutiques donc une boulangerie et ses tristes rideaux noirs . ‚Ä¶'), ('ga pfr', 'il y a 3\xa0mois', '1\xa0√©toile', ""Pourquoi ce lien s'appelle encore centre commercial, ils ne se donnent m√™me pas la peine de mette en valeur les rares commer√ßants encore pr√©sents.""), ('Entre Ta√Øwan et la Cor√©e', 'il y a 2\xa0ans', '2\xa0√©toiles', ""Cette galerie marchande est en quasi faillite : beaucoup d'emplacements de boutiques sont vides, notamment √† l'√©tage. Cela donne une ambiance glauqueüò± qui ne fait pas envie. Je n'y ach√®te jamais rien. Je passe par cette galerie uniquement pour rejoindre le m√©tro. Galerie marchande typique des ann√©es 70 qui vieilli mal üò¢. ‚Ä¶""), ('Flavien Bardoux', 'il y a une semaine', '4\xa0√©toiles', ""Endroit pratique d'acc√®s via m√©tro et bus. Nombreux magasins mais m√©rite un rafra√Æchissement de la galerie. Un peu sombre le soir..""), ('pascale roc', 'il y a 6\xa0mois', '5\xa0√©toiles', ""J'y suis aller pour l'exposition toutankamon en immersion. Vraiment g√©nial pour passer un bon moment sous forme de jeu style escape game et d√©couvrir plus de 1000 reproductions d'objets du tombeau du pharaon... Il faut au moins 2h30 pour ‚Ä¶""), ('Marie-Dominique PERPERE', 'il y a 10\xa0mois', '5\xa0√©toiles', ""J'y suis all√© pour voir Toutankhamon l'exp√©rience immersive. G√©niale un terrain de jeux tr√®s bien √©labor√©. Je le recommande tr√®s vivement.""), ('CLyne A', 'il y a un mois', '1\xa0√©toile', 'Lieu d‚ÄôURBEX ? Ce centre commercial fait vraiment peine √† voir. Tout y est quasiment ferm√©, le style r√©tro peut avoir son charme mais l√† c‚Äôest d√©solant de voir tout cela √† l‚Äôabandon.'), ('Guerin sOPHIE', 'il y a 2\xa0semaines', '2\xa0√©toiles', 'Quelle tristesse !!! Plus rien pratiquement comme magasin √† √©viter si on est en attente √† Montparnasse.  Les boutiques de la gare sont bien plus agr√©ables'), ('Olivia A', 'il y a un mois', '3\xa0√©toiles', ""Sympa pour se balader, faire quelques boutiques. Dommage que l'acc√®s √† la piscine soit si abandonn√© et qu'il y r√®gne une odeur naus√©abonde""), ('Mary-an Art', 'il y a 2\xa0ans', '3\xa0√©toiles', ""Pas mal d'enseignes ont baiss√© leur rideau d√©finitivement. Le centre est tristounet. La boutique C&a est bien garnie. On trouve un magasin outlet, 123...\nPourtant √† une √©poque, il y avait beaucoup de monde."")]"
Galerie Vivienne,"4 Rue des Petits Champs, 75002 Paris",48.8678054,2.2826517,"4,5",5110,"[('Camille Blanc', 'il y a un mois', '5\xa0√©toiles', 'Tr√®s jolie galerie. Avec des boutiques regorgeant de tr√©sors : boutique de jouets type anciens/bois, librairie adorables, p√¢tisserie mignonne... La galerie est tr√®s belle et lumineuse.'), ('C√©line', 'il y a un mois', '5\xa0√©toiles', 'Joyau cach√© au c≈ìur de Paris, passage qui semble suspendu dans le temps notamment avec sa verri√®re spectaculaire qui baigne de lumi√®re les mosa√Øques au sol ainsi que les sublimes boutiques ! Loin du tumulte des rues environnantes, fl√¢ner dans la Galerie Vivienne est un pur moment de po√©sie, vous vous sentez personnage de roman üí´ ‚Ä¶'), ('Ad√®le Bdc', 'il y a un mois', '5\xa0√©toiles', 'Tr√®s beau passage Parisien √† faire absolument quand l‚Äôon fl√¢ne sur Paris surtout en amoureux ! Vieux Paris, boutique tr√®s anciennes et de go√ªt je recommande'), ('catherine denicola', 'il y a 2\xa0mois', '4\xa0√©toiles', 'Un luxueux passage du XIXe ( class√© MH ) avec de belles boutiques et un ( tr√®s) c√©l√®bre glacier. Quand le soleil est de sortie il illumine un des plus beaux passages de Paris.'), ('pascal travers', 'il y a une semaine', '5\xa0√©toiles', 'Tr√®s jolie galerie parisienne, quelques restaus et magasins. Une ambiance sympa!!'), ('Les Voyages De Vero', 'il y a un mois', '5\xa0√©toiles', 'Superbe galerie, √† voir sans h√©siter.'), ('Etienne Bischung', 'il y a un mois', '5\xa0√©toiles', 'En sortant de la BNF, une enseigne (trop) discr√®te √† √©veill√© notre curiosit√©... quelle d√©couverte ! Quelle architecture !'), ('jennifer Ma√´', 'il y a un mois', '4\xa0√©toiles', ""Visite de ce beau passage ou vous pouvez y trouver des gall√©ries, des boutiques. Nous avons profit√© pour s'installer en terrasse pour un petit d√©jeuner.""), ('Thierry Longrais', 'il y a 9\xa0mois', '5\xa0√©toiles', 'La Galerie Vivienne est un  monument historique\ndepuis 1974, ouverture dans le 2e arrondissement de Paris.\nLe style pomp√©ien n√©o-classique son √©l√©gante verri√®re ainsi que son imposante ‚Ä¶'), ('Marie V.', 'il y a 3\xa0mois', '5\xa0√©toiles', ""Ne pas visiter ce passage, c'est passer √† c√¥t√© d'un lieu embl√©matique de la capitale. Et c'est toujours un plaisir de traverser cette galerie, pour son atmosph√®re et son esth√©tique, et d'y d√©couvrir des d√©tails qui nous avaient √©chapp√©s une fois pr√©c√©dente. Incontournable !"")]"
Centre commercial Bel Est,"28 Av. du G√©n√©ral de Gaulle, 93170 Bagnolet",48.8678054,2.2826517,"3,7",7984,"[('Nathalie Lellouche', 'il y a un mois', '4\xa0√©toiles', 'Bonjour,\nPouvez-vous faire retirer ce sticker avant l‚Äôentr√©e principale de Auchan ? Merci ‚Ä¶'), ('Sophie Isch', 'il y a 4\xa0mois', '1\xa0√©toile', ""Auchan a-t-il aussi peu confiance en sa client√®le pour que, lors du passage en caisse automatique, une caissi√®re vient scanner √† nouveau l'ensemble des articles. Qu'il y ait un contr√¥le al√©atoire pourquoi pas mais l√† ???? Incompr√©hension ‚Ä¶""), ('sophia guibert', 'il y a 3\xa0mois', '1\xa0√©toile', ""Z√©ro √† cause du parking indigo . Prendre de l'argent pour prendre de l'argent . Je valide mon ticket mais ils veulent tout de m√™me que je paie le parking ... rien que pour cela je ne viendrai plus faire mes courses √† auchan. Vraiment c'est du vol""), ('michael amar', 'il y a 2\xa0semaines', '1\xa0√©toile', 'Le centre commercial est en tr√®s mauvais √©tat, donnant l‚Äôimpression d‚Äô√™tre fig√© dans un film des ann√©es 80. Quant au parking, il est peu rassurant et semble peu s√©curis√©.'), ('Muriel Gimbert', 'il y a un mois', '5\xa0√©toiles', 'Par votre interm√©diaire je tiens √† remercier Monsieur Julien de son pr√©nom , du rayon jouets , pour son extr√™me gentillesse ainsi que sa comp√©tence √† nous guider dans nos recherches de jouets , encore un grand merci √† lui .'), ('Golden Flower', 'il y a un mois', '4\xa0√©toiles', 'Centre commercial situ√© √† c√¥t√© du m√©tro Gallieni, terminus est de la ligne 3, ainsi que des arr√™ts de bus ; reconnaissable √† sa fa√ßade ext√©rieure blanche carrel√©e et par les enseignes de ses commerces dont Auchan, Action, √âlectro D√©p√¥t et ‚Ä¶'), ('Daniel Claudios', 'il y a un mois', '3\xa0√©toiles', ""Je regrette que Auchan retire les h√¥tesses de caisse. Je suis une personne √¢g√©e et j'√©prouve beaucoup de difficult√©s √† scanner moi m√™me les articles.""), ('Fatou-Kine Fall', 'il y a 3\xa0mois', '3\xa0√©toiles', ""C'est dommage, beaucoup de boutiques ont ferm√©s au fil des ann√©es. J'esp√®re vraiment que ce centre commercial ne va pas prendre le chemin de celui de la Grande Porte ( rue de Paris en sortant de Montreuil) qui pour le coup est devenu un centre commercial fant√¥me""), ('Vanessa Bassole', 'il y a 4\xa0ans', '3\xa0√©toiles', 'Il s‚Äôagit d‚Äôun petit centre commercial √† Bagnolet tout juste √† la sortie du m√©tro Gallieni. Il ne dispose pas de beaucoup de boutiques mais l‚Äôattraction principale reste Auchan. Il y a quelques petits magasins et traiteurs mais dans ‚Ä¶'), ('Aline Fleig', 'il y a 3\xa0mois', '5\xa0√©toiles', 'Super service client √† la charcuterie par monsieur Daouda ! Aussi l‚Äôagent de s√©curit√© qu‚Äôest toujours en train de dire bonjour, c‚Äôest vraiment un plaisir voir des gens sympas qu‚Äôaniment notre journ√©e et nous donnent envie de revenir !')]"
Centre Commercial Passages,"5 Rue Tony Garnier, 92100 Boulogne-Billancourt",48.8372222,2.0872869,"4,1",8210,"[('Selin', 'il y a une semaine', '1\xa0√©toile', 'Mais quelle HONTE d‚Äôavoir rendu les toilettes  payantes!!! Nous faisons beaucoup d‚Äôachats dans votre centre commercial et en plus donc devons payer ¬´\xa0le service propret√©\xa0¬ª √† votre place? N‚Äôimporte quoi, aucune justification ne peut √™tre ‚Ä¶'), ('CAROLINE MORUZZI', 'il y a une semaine', '1\xa0√©toile', 'Vous imaginez que vos clients vont accepter votre nouvelle politique!  Soyez raisonnables ne fa√Ætes pas passer des toilettes  gratuites √† des toilettes payantes √† 1‚Ç¨ ! ‚Ä¶'), ('AGNES JAGER', 'il y a 2\xa0semaines', '1\xa0√©toile', 'Tr√®s d√©√ßue de la nouvelle politique du centre.\nFaire payer l‚Äôacc√®s aux toilettes 1‚Ç¨ c‚Äôest vraiment nous prendre pour des vaches √† lait. Auparavant ce lieu √©tait accessible gratuitement et permettait de ‚Ä¶'), ('n. ldc', 'il y a 3\xa0semaines', '1\xa0√©toile', 'Pendant des ann√©es les toilettes de ce centre commercial √©taient sales, sentaient mauvais et √©taient syst√©matiquement cass√©s. Les pires de centres commerciaux que je connaisse. ‚Ä¶'), ('A Tilla', 'il y a 5\xa0jours', '1\xa0√©toile', ""Les toilettes sont devenus payantes √† 1‚Ç¨!!!! lamentable quand on voit ce qu'on d√©pense dans ce centre.\nOn ne demande pas des toilettes hitech mais de simples toilettes, alors les ‚Ä¶""), ('Jean CAILLAT', 'il y a 4\xa0jours', '1\xa0√©toile', 'Les toilettes du centre Commercial Passages co√ªtent 1‚Ç¨. Cependant, le savon liquide est fini. Le robinet coule goutte par goutte, on ne peut pas se laver. Avec des trucs √©lectroniques chers qui ne servent √† rien...\nPassages - le pire centre Commercial que je connaisse.'), ('Loic Denamiel', 'il y a 11\xa0mois', '4\xa0√©toiles', ""De passage √† Boulogne avec mon ami pour la visite du mus√©e des ann√©es 30, nous avons fait une s√©ance de shopping improvis√©e dans cette galerie situ√©e pr√®s de l'h√¥tel de ville. ‚Ä¶""), ('Chlo√© Alvarez', 'il y a 2\xa0semaines', '5\xa0√©toiles', 'Un centre commercial agr√©able o√π je viens depuis des ann√©es. Les d√©corations sont toujours soign√©es, et cette ann√©e, elles sont particuli√®rement r√©ussies. Une belle adresse pour faire ses achats dans une ambiance plaisante.'), ('Cindy L', 'il y a 2\xa0semaines', '4\xa0√©toiles', ""Les passages est un centre commercial convivial et agr√©able √† fr√©quenter. Il est moins bond√© que les grands centres commerciaux tout en proposant s√©lection d'enseignes connues. L'avantage pour les parents : les activit√©s gratuites pour enfants qui sont organis√©s r√©guli√®rement.""), ('Virgile Fontaine', 'il y a 4\xa0jours', '1\xa0√©toile', ""Les WC √† 1 euro par personne, comment est ce possible ? Alors oui, j'ai lu la r√©ponse du centre √† d'autres plaintes similaires que cela permet d'avoir des toilettes propres, bien entretenues etc Mais partout ailleurs, c'est gratuit et les ‚Ä¶"")]"
La Vache Noire,"Pl. de la Vache Noire, 94110 Arcueil",48.8372222,2.0872869,"3,8",11189,"[('Kameron Prigent', 'il y a 5\xa0mois', '4\xa0√©toiles', 'Le centre commercial La Vache Noire √† Arcueil est un lieu moderne et bien agenc√© pour faire du shopping. On y trouve une grande diversit√© de magasins, des grandes enseignes aux boutiques plus sp√©cialis√©es, ce qui permet de r√©pondre √† tous ‚Ä¶'), ('Cynthia Sous', 'il y a 2\xa0mois', '1\xa0√©toile', 'Cela fait des ann√©es que je fr√©quente ce centre commercial qui √©tait si sympa avec toutes ses boutiques de tous genres.. Si aujourd‚Äôhui je prends le temps d‚Äô√©crire un avis c‚Äôest parce que je suis de plus en plus d√©√ßue car je vois les ‚Ä¶'), ('soraya safieddine', 'il y a une semaine', '1\xa0√©toile', 'Aucune indication concernant les chiens. J‚Äôavais rendez-vous chez l‚Äôopticien. J‚Äôai ramen√© mon chien et on m‚Äôa refus√© l‚Äôacc√®s au centre commercial. Je n‚Äôai jamais vu √ßa il n‚Äôy a aucune alimentation et aucune raison de refuser l‚Äôacc√®s aux chiens. C‚Äôest bien le seul centre commercial ou l‚Äôacc√®s des chiens est refus√©.'), ('Pk morel', 'il y a une semaine', '2\xa0√©toiles', ""Je suis rest√© une 1/2 heure pour aller acheter une carte cadeau. R√©sultat 2‚Ç¨60 de parking alors que c'est cens√© √™tre gratuit pendant 1h30. La prochaine fois j'irai un peu plus loin dans un centre o√π le parking est vraiment gratuit.""), ('pisko tee', 'il y a une semaine', '4\xa0√©toiles', ""Petit centre commecial (relativement √† d'autres disons) avec pas mal d'enseignes, il y a quelques options pour manger! Peut largement faire l'affaire pour les gens qui habitent dans le coin. Apres je trouve que le centre commercial manque de vie et luminosit√©, √ßa reste assez subjectif, mais il manque un truc :-)""), ('Lo√Øc C.', 'il y a 3\xa0semaines', '4\xa0√©toiles', ""C'est un tr√®s beau mais un peu petit centre commercial. Le parking est tr√®s bien, c'est propre et bien indiqu√©. Dommage qu'il manque un peu de boutiques et une grande surface...""), ('Laetizia P (Laeti)', 'il y a 2\xa0mois', '3\xa0√©toiles', ""Cliente depuis l'origine et satisfaite dans l'ensemble du contact avec les commer√ßants, je m'inqui√®te de voir la moiti√© des boutiques ferm√©es lors de mon dernier passage, est-ce que des nouvelles enseignes vont ouvrir prochainement ? ‚Ä¶""), ('O H', 'il y a 2\xa0semaines', '1\xa0√©toile', ""Le fonctionnement du parking n'est pas bon puisqu'on vous indique en GROS 1h30 gratuite sans pr√©ciser qu'il faut la validation du ticket par un commer√ßant, sinon faut payer pour sortir. C'est pas honn√™te.""), ('Diane Nicolas', 'il y a un mois', '1\xa0√©toile', 'Exp√©rience malheureusement tr√®s d√©sagr√©able. Nous avons achet√© pour plus de 40‚Ç¨ de produits (premi√®re condition valid√©e ) et avons tent√© de faire valider notre ticket parking par les commer√ßants dans AUCUN MAGASIN la validation n‚Äôa ‚Ä¶'), ('Martine Martine', 'il y a 2\xa0mois', '3\xa0√©toiles', ""Je vais dans ce centre depuis son ouverture car je ne le trouvais pas trop grand et je trouvais toujours ce que je cherchais. Malheureusement, j'y vais de moins en moins car beaucoup de boutiques ont ferm√©. Je me rends de plus en plus √† ‚Ä¶"")]"
Bercy Village,"28 Rue Fran√ßois Truffaut, 75012 Paris",48.8372222,2.0872869,"4,4",28584,"[('Soufiane Tabtia', 'il y a une semaine', '5\xa0√©toiles', ""Bercy Village est un endroit vraiment sympa ! On y trouve tout ce qu'on cherche, que ce soit pour faire du shopping, se promener ou simplement profiter de l'ambiance. C'est aussi parfait pour manger, avec un large choix de restaurants pour ‚Ä¶""), ('FD FSkill', 'il y a un mois', '5\xa0√©toiles', ""Petit espace pi√©ton tr√®s agr√©able avec plusieurs commerces et restaurants. C'est superbement bien d√©cor√© (notamment pour les f√™tes comme Halloween par exemple). ‚Ä¶""), ('Sara R', 'il y a un an', '4\xa0√©toiles', 'Bel endroit pour se balader, prendre un caf√© ou manger au restaurant. Les balades sont tr√®s agr√©ables √©galement.\npossibilit√© de faire du shopping mais ce n‚Äôest pas l‚Äôactivit√© principale du ‚Ä¶'), ('AARAD EL MAHDI', 'il y a 6\xa0jours', '5\xa0√©toiles', 'Un coin sympa pour se balader ou se poser pour manger ou boire un verre. Endroit bien d√©cor√©.'), ('Christophe Cousse', 'il y a une semaine', '4\xa0√©toiles', 'Endroit tr√®s sympathique pour se balader et faire quelques emplettes.\nLes prix sont un peu √©lev√©s mais le cadre est beau.\nBeaucoup de restaurants donc du choix.'), ('Emil CALONIS', 'il y a 6\xa0jours', '4\xa0√©toiles', 'Il y a un peu de tout, √† boire et √† manger au sens litt√©ral. Beaucoup de cha√Ænes h√©las, m√™me si certaines potables. Une Fnac, un cin√©. Pratique de temps en temps ou entre amis. Pour un touriste press√© √©ventuellement sinon pas repr√©sentatif ‚Ä¶'), ('Betty LE RAY', 'il y a 2\xa0mois', '5\xa0√©toiles', 'Petit endroit hors du temps. Boutiques sympathiques √† d√©couvrir. Vous trouverez forc√©ment votre bonheur pour vous restaurer ou vous d√©tendre. Une belle d√©couverte !!'), ('Katia Lebre', 'il y a 3\xa0semaines', '4\xa0√©toiles', ""Sympa pour une balade et manger sur place.... Dommage qu'il n'y ait pas plus de boutiques...  Lindt, Ritual, Alice D√©lice et Sephora sauvent un peu la balade...""), ('Nathalie Simon', 'il y a 5\xa0mois', '4\xa0√©toiles', 'Longeant le parc de Bercy, un village de plus de 6 000 ans, vestige d anciens chais, abrite des salles de cin√©ma UGC,  des restaurants et de nombreuses boutiques (Fragonard , Fnac, Sephora, IKKS, Nature & D√©couvertes, Dammann Fr√®res, ‚Ä¶'), ('Olivier Olindo', 'il y a 2\xa0semaines', '5\xa0√©toiles', 'Une belle zone commer√ßante √† l‚Äôabri du vent, des bruits de paris et totalement pi√©ton donc tr√®s agr√©able de s‚Äôy promener tous les jours de la semaines et du week-end. Quelques boutiques et quelques restaurants pour profiter √† ciel ouvert')]"
Westfield Les 4 Temps,"15 Parv. de la D√©fense, 92092 Puteaux",48.8372222,2.0872869,"4,2",47155,"[('Seb Gdlr', 'il y a un mois', '5\xa0√©toiles', 'Le centre commercial le plus visit√© de France, tient toujours sa r√©putation, vaste, propre offre vari√©e.\nJe conseille fortement d‚Äôadh√©rer au club Westfield (valable dans toutes les ‚Ä¶'), ('Yacine', 'il y a 2\xa0semaines', '4\xa0√©toiles', ""Se rep√©rer dans ce centre commercial est un enfer c'est un vrai labyrinthe. En plus de cela, les escalators ne fonctionnent plus d√®s  21h et il n'y a pas vraiment de bancs ou si√®ges pour s'asseoir... ‚Ä¶""), ('Rebekah DJOUKOU', 'il y a une semaine', '4\xa0√©toiles', 'Centre commercial grand et vous trouvez tout ce dont vous avez besoin.\nAllez y faire un tour ce No√´l, un grand stand y est install√© et des ventes pour tous.'), ('Anonyme', 'il y a 2\xa0mois', '3\xa0√©toiles', 'Un bel endroit pour faire du shopping grandes enseignes  pas loin de Paris . Je regrette seulement les toilettes √† 1‚Ç¨ et pas propres du tout .\nLe Cnit en face fait plus chic que Westfield.'), ('sihem korchi', 'il y a 2\xa0semaines', '4\xa0√©toiles', 'Huge! Bien anim√©s en p√©riode de fin d‚Äôann√©e.\nDommage qu‚Äôon doit payer pour utiliser les toilettes  üòñ ‚Ä¶'), ('Rayan Maghribi', 'il y a un mois', '5\xa0√©toiles', 'Je suis de Bordeaux et en juin dernier je suis mont√© sur Paris pour la premi√®re fois et j‚Äôai beaucoup appr√©ci√© ma visite au sein de ce centre commercial qui m‚Äôa impressionn√© pour son immensit√©‚Ä¶ Si je remonte un des ces quatre en r√©gion ‚Ä¶'), ('Isra AHMED', 'il y a une semaine', '4\xa0√©toiles', ""Westfield Les 4 Temps, c'est bien plus qu'un simple centre commercial ! C'est une v√©ritable exp√©rience immersive o√π luxe, diversit√© et innovation se rencontrent. Avec ses centaines de boutiques de cr√©ateurs, ses restaurants gastronomiques ‚Ä¶""), ('Coco G', 'il y a un an', '4\xa0√©toiles', 'Bon centre commercial que je connais depuis des ann√©es (+ de 30 ans). Beaucoup de magasins diff√©rents sur 3 √©tages.\nChoix de restaurations divers et vari√©s, pour tous les budgets. ‚Ä¶'), ('Lyudmila S', 'il y a 5\xa0mois', '4\xa0√©toiles', 'Beaucoup de monde. Sinon, pas mal des boutiques des v√™tements,  des chaussures et des accessoires.  Il y a u  grand Auchan, Darty et des restaurants. Le centre commercial est propre! Bien d√©cor√© en hiver.'), ('Ma√´lys & Andaluza', 'il y a 2\xa0semaines', '2\xa0√©toiles', ""Un centre commercial qui est super grand du coup on s'y perd vite et super mal indiqu√© √† l'int√©rieur. Les toilettes tous ferm√©s ... A 20h sachant qu'il y avait beaucoup de  monde venant m√™me pour le march√© de No√´l il y avait des femmes ‚Ä¶"")]"
